﻿TA,"Surname, First name"
Yusef,"Pereboom, Willem"
Yusef,"Pereboom, Dirk"
Yusef,"Lowery-Green, Christopher"
Yusef,"Balasubramaniam, Karthiga"
Yusef,"Issa, Ramadan"
Yusef,"Lay, Morgan"
Yusef,"Douglas, Cole"
Yusef,"Doig, Karina"
Yusef,"Elabd, Mahmoud"
Yusef,"Ma, Kevin"
Yusef,"Adan, Siyad"
Yusef,"Cai, Yunxin"
Yusef,"Wilson, Alexander"
Yusef,"Yin, Yisong"
Yusef,"Dou, Yichen"
Yusef,"Fischl, Carson"
Yusef,"King, Lewis"
Yusef,"Gao, Frederik"
Yusef,"Liu, Wei"
Yusef,"Daher, Samatar"
Yusef,"Elton, Greggory"
Yusef,"Hu, Lawson"
Yusef,"Lam, Steve"
Yusef,"Macdonald, Mack"
Yusef,"Henry, Harrison"
Yusef,"Gong, Yuren"
Yusef,"Wu, Chao"
Yusef,"Hodgins, Gregory"
Yusef,"Li, Ziqi"
Yusef,"Rahal, Houssam"
Yusef,"Isbrandt, Mark"
Yusef,"Quanz, Andrew"
Yusef,"Ren, Jie"
Yusef,"Rahman, Asifur"
Yusef,"Roberts, Josh"
Yusef,"Rubio, Steven"
Yusef,"Guo, Qinming"
Yusef,"Prentice, Ethan"
Yusef,"Abdirahman, Abdirahman"
Yusef,"Harris, Jonathan"
Yusef,"Jeyachandran, Ajan"
Yusef,"Yang, Panjie"
Yusef,"Sun, Yibo"
Josh,"Zhang, Howard"
Josh,"Ahmad, Botan"
Josh,"Airdrie, Michael"
Josh,"Cunningham, Tylar"
Josh,"Vos, Daniel"
Josh,"Krumshyn, Alexei"
Josh,"Shakeraneh, Nikki"
Josh,"Wang, Stephanie"
Josh,"Luo, Zeen"
Josh,"Olufelo, Emmanuel"
Josh,"Filia, Matteo"
Josh,"Ajayi, Oluwademilade"
Josh,"Farnham, Lianne"
Josh,"Stanton, Daniel"
Josh,"Arriola, Juan"
Josh,"Zhang, Chang Yi"
Josh,"Hajjar, Beshara"
Josh,"Marcotte, Alexendre"
Josh,"Karstad, Benjamin"
Josh,"Brathwaite, Kyle"
Josh,"Majjanne, Ghiath"
Josh,"Shimoga, Ryan"
Josh,"Hussein, Samar"
Josh,"Fahmani, Youssef"
Josh,"Hayes, Thomas"
Josh,"Sheikh, Mohammad"
Josh,"Akat, Placid"
Josh,"Doubas, Maria"
Josh,"Beaupre, Yannick"
Josh,"Germain, Matthew"
Josh,"Stride, Jessica"
Josh,"Dai, Tingxun"
Josh,"Lin, Haozhe"
Josh,"Wang, Oliver"
Josh,"Guo, Yuqing"
Josh,"He, Juntong"
Josh,"Balakrishnan, Kailash"
Josh,"Hao, Hal"
Josh,"Nitschke, Matthew"
Josh,"Chia, Andy"
Josh,"Lu, Zhiyuan"
Josh,"Yao, Di"
Josh,"Gillis, Massimo"
William,"Patel, Navita"
William,"Potera, Kuba"
William,"Xu, Xiaobin"
William,"Wadud, Ghufran"
William,"Syed, Osama"
William,"Thilagaraj, Rohit Kumar"
William,"Martin, Sean"
William,"Sun, Haonan"
William,"Kamar, Ahmad"
William,"Chen, Vicki"
William,"Iyere, Ebehiremen"
William,"Hood, Jaxson"
William,"Dickie, Cameron"
William,"Chew, Coral"
William,"Luan, Qixiang"
William,"Saville, Aaron"
William,"Banjo, Adeoye"
William,"Ene, Patrick"
William,"Adebola-Dada, Daniel"
William,"Jarvis, Rudy"
William,"Chen, Yan Xi"
William,"Singhal, Anoushka"
William,"Odetoyinbo, Oluwatamilore"
William,"Amuwala Meesthrige, Lasitha"
William,"Pelayo, Bernardo"
William,"Abdelwahab, Leina"
William,"Armes, Liam"
William,"Alipour, Arman"
William,"Sabaayon, Mahmoud"
William,"Crocker, Lucas"
William,"Hobson, David"
William,"Kulik, Daniil"
William,"Akinbile, Ayodeji"
William,"dos Prazeres Fonseca, Henrique"
William,"Dar, Kamran"
William,"Patel, Tej"
William,"Tosun, Ammar"
William,"Moez, Zayaan Shah"
