﻿TA,"Surname, First name"
Vathsan,"Sun, Haiyue"
Vathsan,"Mohammed, Mahdi"
Vathsan,"Macquarrie, Conor"
Vathsan,"Elite, Emmanuel"
Vathsan,"Patti, Alexander"
Vathsan,"Mussell, Daniel"
Vathsan,"Currie, Warren"
Vathsan,"Le, Hoang"
Vathsan,"Choi, Oli"
Vathsan,"Mohammed, Khalid"
Vathsan,"Zhang, Weizhi"
Vathsan,"Grickites, Brian"
Vathsan,"Shannon, Graham"
Vathsan,"Braithwaite, Ian"
Vathsan,"Al-Ansary, Bassel"
Vathsan,"Kim, Justin"
Vathsan,"Jiang, Junren"
Vathsan,"Hauser, Zachary"
Vathsan,"Zachariah, Jacob"
Vathsan,"Combden, Casey"
Vathsan,"Ibidun, Eyitayo"
Vathsan,"Pinchin, Craig"
Vathsan,"Hang, Luke"
Vathsan,"Hautzer, Lennart"
Vathsan,"Welcome, Raiquon"
Vathsan,"Vashistha, Tina"
Vathsan,"Peng, Qihang"
Vathsan,"Leung, Andrew"
Vathsan,"Karabacak, Ege"
Vathsan,"Mercer, Walker"
Vathsan,"Buehlow, Forrest"
Willem,"Zhou, Ziyang"
Willem,"Robitaille, Devon"
Willem,"Berhane, Sirak"
Willem,"Al-Zabet, Salah"
Willem,"Tzountzouris, Christopher"
Willem,"Sayegh, Michael"
Willem,"Yan, Zhangwen"
Willem,"Hunter, Cameron"
Willem,"Kazan, Nicholas"
Willem,"Khan, Farzal"
Willem,"Nguyen, Andrew"
Willem,"Tian II, Wayne Yuan"
Willem,"Thompson, Ethan"
Willem,"Spallin, Shaelie"
Willem,"Zhuang, Zac"
Willem,"Vuong, Kevin"
Willem,"Park, Johnny"
Willem,"Algamoudi, Mohammed"
Willem,"Vitta, Vanessa"
Willem,"Herriott, Benjamin"
Willem,"Siddiqi, Zahid"
Willem,"Ying, James"
Willem,"Mohamed, Khaled"
Willem,"Ghauri, Raahim"
Willem,"Li, Jianghao"
Willem,"Wang, Chenxi"
Willem,"Shaikh, Shefa"
Willem,"Hart, Lance"
Willem,"Tomar, Rahul"
Willem,"Cha, Jaewon"
Willem,"Spiller, Matthew"
Nilofar,"Venes, Margaret"
Nilofar,"Momin, Amin"
Nilofar,"Elliott, Timothy"
Nilofar,"Wal, Wal"
Nilofar,"Charlton, Michael"
Nilofar,"Franolla, Riley"
Nilofar,"Tessier, Kaeden"
Nilofar,"Huang, Yun"
Nilofar,"Ou, Junyi"
Nilofar,"Zhen, Zijian"
Nilofar,"Filipps, Alexander"
Nilofar,"Lebron Flores, Manuel"
Nilofar,"Hughes, Saul"
Nilofar,"Bordeleau, Ben"
Nilofar,"Vandenberg, Ben"
Nilofar,"Ou, Yongli"
Nilofar,"Liu, Yi Qing"
Nilofar,"Khachi, Adam"
Nilofar,"Haseeb, Masab"
Nilofar,"Zhu, Sephiroth"
Nilofar,"Patel, Anshu"
Nilofar,"Wei, Bin"
Nilofar,"Theroux, Dawson"
Nilofar,"Kazal, Abdul-Hussein"
Nilofar,"Tian, Bob"
Nilofar,"Shaheen, Abdullah"
Nilofar,"Kittilsen, Benjamin"
Nilofar,"Gauthier, Curtis"
Nilofar,"Swab, Cara"
Nilofar,"St-Germain, Fletcher"
Nilofar,"Gardner, Kyle"
Nilofar,"Rogall, Dante"
Ming,"Yang, Shuqi"
Ming,"Scott, Nicholas"
Ming,"Tran, Anh Tue"
Ming,"Almaden, Raden Mathieu"
Ming,"Zhou, Yumeng"
Ming,"Ahmad, Taha"
Ming,"Shepherd, Kendrick"
Ming,"Mckay, Patrick"
Ming,"Bitar, Joseph"
Ming,"Michaud, Daniel"
Ming,"Maurice, Zacharia"
Ming,"Lee, Harrison"
Ming,"Uzoegwu, Michael"
Ming,"Kaya, Eren"
Ming,"Pooni, Ramanjot"
Ming,"Chow, Alyssa"
Ming,"Mclean, Amaya"
Ming,"Elkholy, Alexander"
Ming,"Herron, Benjamin"
Ming,"Mirza, Hayden"
Ming,"Alexander, Aaron"
Ming,"Proctor, Matthew"
Ming,"Qin, Guoquan"
Ming,"Cirullo, Matthew"
Ming,"Xu, Wei"
Ming,"Tu, Henry"
Ming,"Tang, Yu"
Ming,"Besida, Kateryna"
Ming,"Gorodkov, Filipp"
Ming,"Liu, Zi Rui"
Ming,"Kocharyan, Avetik"
